Variant SKU,Title,Image Column,Original URL,Reason
ED-731IC-650GE-SHP-SS,Envy/DID 21/19x2.15 Yamaha YZ125-250/YZ250-426F 2002-07 Silver/Hot Pink Wheel Set,IMAGE,https://cdn.shopify.com/s/files/1/0592/0676/2540/files/ENVY_DID-SILVER_Hot Pink-PAIR-1.jpg?v=1742603892,HTTP 404
ED-731IC-650GE-SHP-SS,Envy/DID 21/19x2.15 Yamaha YZ125-250/YZ250-426F 2002-07 Silver/Hot Pink Wheel Set,IMAGE_1,https://cdn.shopify.com/s/files/1/0592/0676/2540/files/ENVY_DID-SILVER_Hot Pink-PAIR-2.jpg?v=1742603909,HTTP 404
ED-731IC-650GE-SHP-SS,Envy/DID 21/19x2.15 Yamaha YZ125-250/YZ250-426F 2002-07 Silver/Hot Pink Wheel Set,IMAGE_2,https://cdn.shopify.com/s/files/1/0592/0676/2540/files/ENVY_DID-SILVER_Hot Pink-PAIR-3.jpg?v=1742603925,HTTP 404
ED-731IC-650GE-SHP-SS,Envy/DID 21/19x2.15 Yamaha YZ125-250/YZ250-426F 2002-07 Silver/Hot Pink Wheel Set,IMAGE_3,https://cdn.shopify.com/s/files/1/0592/0676/2540/files/ENVY_DID-SILVER_Hot Pink-REAR-1.jpg?v=1742603945,HTTP 404
ED-731IC-650GE-SHP-SS,Envy/DID 21/19x2.15 Yamaha YZ125-250/YZ250-426F 2002-07 Silver/Hot Pink Wheel Set,IMAGE_4,https://cdn.shopify.com/s/files/1/0592/0676/2540/files/ENVY_DID-SILVER_Hot Pink-REAR-2.jpg?v=1742603976,HTTP 404
ED-731IC-650GE-SHP-SS,Envy/DID 21/19x2.15 Yamaha YZ125-250/YZ250-426F 2002-07 Silver/Hot Pink Wheel Set,IMAGE_5,https://cdn.shopify.com/s/files/1/0592/0676/2540/files/ENVY_DID-SILVER_Hot Pink-FRONT-1.jpg?v=1742603989,HTTP 404
ED-731IC-650GE-SHP-SS,Envy/DID 21/19x2.15 Yamaha YZ125-250/YZ250-426F 2002-07 Silver/Hot Pink Wheel Set,IMAGE_6,https://cdn.shopify.com/s/files/1/0592/0676/2540/files/ENVY_DID-SILVER_Hot Pink-FRONT-2.jpg?v=1742604002,HTTP 404
ED-757IC-693FE-SHP-SS,Envy/DID 21/18x2.15 KTM XC-SXF 2013-14 Silver/Hot Pink Wheel Set,IMAGE,https://cdn.shopify.com/s/files/1/0592/0676/2540/files/ENVY-DID-SILVER_Hot Pink-PAIR-1.jpg?v=1742809567,HTTP 404
ED-757IC-693FE-SHP-SS,Envy/DID 21/18x2.15 KTM XC-SXF 2013-14 Silver/Hot Pink Wheel Set,IMAGE_1,https://cdn.shopify.com/s/files/1/0592/0676/2540/files/ENVY-DID-SILVER_Hot Pink-PAIR-2.jpg?v=1742809584,HTTP 404
ED-757IC-693FE-SHP-SS,Envy/DID 21/18x2.15 KTM XC-SXF 2013-14 Silver/Hot Pink Wheel Set,IMAGE_2,https://cdn.shopify.com/s/files/1/0592/0676/2540/files/ENVY-DID-SILVER_Hot Pink-FRONT-1.jpg?v=1742809594,HTTP 404
ED-757IC-693FE-SHP-SS,Envy/DID 21/18x2.15 KTM XC-SXF 2013-14 Silver/Hot Pink Wheel Set,IMAGE_3,https://cdn.shopify.com/s/files/1/0592/0676/2540/files/ENVY-DID-SILVER_Hot Pink-FRONT-2.jpg?v=1742809604,HTTP 404
ED-757IC-693FE-SHP-SS,Envy/DID 21/18x2.15 KTM XC-SXF 2013-14 Silver/Hot Pink Wheel Set,IMAGE_4,https://cdn.shopify.com/s/files/1/0592/0676/2540/files/ENVY-DID-SILVER_Hot Pink-REAR-1.jpg?v=1742809614,HTTP 404
ED-757IC-693FE-SHP-SS,Envy/DID 21/18x2.15 KTM XC-SXF 2013-14 Silver/Hot Pink Wheel Set,IMAGE_5,https://cdn.shopify.com/s/files/1/0592/0676/2540/files/ENVY-DID-SILVER_Hot Pink-REAR-2.jpg?v=1742809623,HTTP 404
