Variant SKU,Title,Image Column,Original URL,Local Filename,Local Path,Spoke colour,Hub colour,Rim colour,Price
ENVY-DID-BLUE-BLUE,ENVY-DID-BLUE-BLUE,IMAGE_1,https://cdn.shopify.com/s/files/1/0592/0676/2540/files/ENVY-DID-BLUE_BLUE-PAIR-1.jpg?v=1742810291,ENVY-DID-BLUE_BLUE-PAIR-1.jpg,assets\images\envy-did\ENVY-DID-BLUE_BLUE-PAIR-1.jpg,Silver,Blue,Blue,10.5
ENVY-DID-BLUE-BLUE,ENVY-DID-BLUE-BLUE,IMAGE_2,https://cdn.shopify.com/s/files/1/0592/0676/2540/files/ENVY-DID-BLUE_BLUE-PAIR-1.jpg?v=1742810291,ENVY-DID-BLUE_BLUE-PAIR-1.jpg,assets\images\envy-did\ENVY-DID-BLUE_BLUE-PAIR-1.jpg,Silver,Blue,Blue,10.5
ENVY-DID BLUE-ORANGE,ENVY-DID BLUE-ORANGE,IMAGE_1,https://cdn.shopify.com/s/files/1/0592/0676/2540/files/ENVY-DID-BLUE_ORANGE-PAIR-1.jpg?v=1742810214,ENVY-DID-BLUE_ORANGE-PAIR-1.jpg,assets\images\envy-did\ENVY-DID-BLUE_ORANGE-PAIR-1.jpg,Silver,Orange,Blue,10.5
ENVY-DID BLUE-ORANGE,ENVY-DID BLUE-ORANGE,IMAGE_2,https://cdn.shopify.com/s/files/1/0592/0676/2540/files/ENVY-DID-BLUE_ORANGE-PAIR-1.jpg?v=1742810214,ENVY-DID-BLUE_ORANGE-PAIR-1.jpg,assets\images\envy-did\ENVY-DID-BLUE_ORANGE-PAIR-1.jpg,Silver,Orange,Blue,10.5
ENVY-DID BLUE-GOLD,ENVY-DID BLUE-GOLD,IMAGE_1,https://cdn.shopify.com/s/files/1/0592/0676/2540/files/ENVY-DID-BLUE_GOLD-PAIR-1.jpg?v=1742810128,ENVY-DID-BLUE_GOLD-PAIR-1.jpg,assets\images\envy-did\ENVY-DID-BLUE_GOLD-PAIR-1.jpg,Silver,Gold,Blue,10.5
ENVY-DID BLUE-GOLD,ENVY-DID BLUE-GOLD,IMAGE_2,https://cdn.shopify.com/s/files/1/0592/0676/2540/files/ENVY-DID-BLUE_GOLD-PAIR-1.jpg?v=1742810128,ENVY-DID-BLUE_GOLD-PAIR-1.jpg,assets\images\envy-did\ENVY-DID-BLUE_GOLD-PAIR-1.jpg,Silver,Gold,Blue,10.5
ENVY-DID BLUE-SILVER,ENVY-DID BLUE-SILVER,IMAGE_1,https://cdn.shopify.com/s/files/1/0592/0676/2540/files/ENVY-DID-BLUE_SILVER-PAIR-1.jpg?v=1742810029,ENVY-DID-BLUE_SILVER-PAIR-1.jpg,assets\images\envy-did\ENVY-DID-BLUE_SILVER-PAIR-1.jpg,Silver,Silver,Blue,10.5
ENVY-DID BLUE-SILVER,ENVY-DID BLUE-SILVER,IMAGE_2,https://cdn.shopify.com/s/files/1/0592/0676/2540/files/ENVY-DID-BLUE_SILVER-PAIR-1.jpg?v=1742810029,ENVY-DID-BLUE_SILVER-PAIR-1.jpg,assets\images\envy-did\ENVY-DID-BLUE_SILVER-PAIR-1.jpg,Silver,Silver,Blue,10.5
ENVY-DID BLUE-TITAN,ENVY-DID BLUE-TITAN,IMAGE_1,https://cdn.shopify.com/s/files/1/0592/0676/2540/files/ENVY-DID-BLUE_TITAN-PAIR-1.jpg?v=1742809919,ENVY-DID-BLUE_TITAN-PAIR-1.jpg,assets\images\envy-did\ENVY-DID-BLUE_TITAN-PAIR-1.jpg,Silver,Titan,Blue,10.5
ENVY-DID BLUE-TITAN,ENVY-DID BLUE-TITAN,IMAGE_2,https://cdn.shopify.com/s/files/1/0592/0676/2540/files/ENVY-DID-BLUE_TITAN-PAIR-1.jpg?v=1742809919,ENVY-DID-BLUE_TITAN-PAIR-1.jpg,assets\images\envy-did\ENVY-DID-BLUE_TITAN-PAIR-1.jpg,Silver,Titan,Blue,10.5
ENVY-DID GOLD-BLUE,ENVY-DID GOLD-BLUE,IMAGE_1,https://cdn.shopify.com/s/files/1/0592/0676/2540/files/ENVY-DID-GOLD_BLUE-PAIR-1.jpg?v=1742809824,ENVY-DID-GOLD_BLUE-PAIR-1.jpg,assets\images\envy-did\ENVY-DID-GOLD_BLUE-PAIR-1.jpg,Silver,Blue,Gold,10.5
ENVY-DID GOLD-BLUE,ENVY-DID GOLD-BLUE,IMAGE_2,https://cdn.shopify.com/s/files/1/0592/0676/2540/files/ENVY-DID-GOLD_BLUE-PAIR-1.jpg?v=1742809824,ENVY-DID-GOLD_BLUE-PAIR-1.jpg,assets\images\envy-did\ENVY-DID-GOLD_BLUE-PAIR-1.jpg,Silver,Blue,Gold,10.5
ENVY-DID GOLD-GREEN,ENVY-DID GOLD-GREEN,IMAGE_1,https://cdn.shopify.com/s/files/1/0592/0676/2540/files/ENVY-DID-GOLD_GREEN-PAIR-1.jpg?v=1742809669,ENVY-DID-GOLD_GREEN-PAIR-1.jpg,assets\images\envy-did\ENVY-DID-GOLD_GREEN-PAIR-1.jpg,Silver,Green,Gold,10.5
ENVY-DID GOLD-GREEN,ENVY-DID GOLD-GREEN,IMAGE_2,https://cdn.shopify.com/s/files/1/0592/0676/2540/files/ENVY-DID-GOLD_GREEN-PAIR-1.jpg?v=1742809669,ENVY-DID-GOLD_GREEN-PAIR-1.jpg,assets\images\envy-did\ENVY-DID-GOLD_GREEN-PAIR-1.jpg,Silver,Green,Gold,10.5
ENVY-DID SILVER-ORANGE,ENVY-DID SILVER-ORANGE,IMAGE_1,https://cdn.shopify.com/s/files/1/0592/0676/2540/files/ENVY-DID-SILVER_ORANGE-PAIR-1.jpg?v=1742809567,ENVY-DID-SILVER_ORANGE-PAIR-1.jpg,assets\images\envy-did\ENVY-DID-SILVER_ORANGE-PAIR-1.jpg,Silver,Orange,Silver,10.5
ENVY-DID SILVER-ORANGE,ENVY-DID SILVER-ORANGE,IMAGE_2,https://cdn.shopify.com/s/files/1/0592/0676/2540/files/ENVY-DID-SILVER_ORANGE-PAIR-1.jpg?v=1742809567,ENVY-DID-SILVER_ORANGE-PAIR-1.jpg,assets\images\envy-did\ENVY-DID-SILVER_ORANGE-PAIR-1.jpg,Silver,Orange,Silver,10.5
ENVY-DID GOLD-GOLD,ENVY-DID GOLD-GOLD,IMAGE_1,https://cdn.shopify.com/s/files/1/0592/0676/2540/files/ENVY-DID-GOLD_GOLD-PAIR-1.jpg?v=1742809475,ENVY-DID-GOLD_GOLD-PAIR-1.jpg,assets\images\envy-did\ENVY-DID-GOLD_GOLD-PAIR-1.jpg,Silver,Gold,Gold,10.5
ENVY-DID GOLD-GOLD,ENVY-DID GOLD-GOLD,IMAGE_2,https://cdn.shopify.com/s/files/1/0592/0676/2540/files/ENVY-DID-GOLD_GOLD-PAIR-1.jpg?v=1742809475,ENVY-DID-GOLD_GOLD-PAIR-1.jpg,assets\images\envy-did\ENVY-DID-GOLD_GOLD-PAIR-1.jpg,Silver,Gold,Gold,10.5
ENVY-DID GOLD-SILVER,ENVY-DID GOLD-SILVER,IMAGE_1,https://cdn.shopify.com/s/files/1/0592/0676/2540/files/ENVY-DID-GOLD_SILVER-PAIR-1.jpg?v=1742809240,ENVY-DID-GOLD_SILVER-PAIR-1.jpg,assets\images\envy-did\ENVY-DID-GOLD_SILVER-PAIR-1.jpg,Silver,Silver,Gold,10.5
ENVY-DID GOLD-SILVER,ENVY-DID GOLD-SILVER,IMAGE_2,https://cdn.shopify.com/s/files/1/0592/0676/2540/files/ENVY-DID-GOLD_SILVER-PAIR-1.jpg?v=1742809240,ENVY-DID-GOLD_SILVER-PAIR-1.jpg,assets\images\envy-did\ENVY-DID-GOLD_SILVER-PAIR-1.jpg,Silver,Silver,Gold,10.5
ENVY-DID GOLD-TITAN,ENVY-DID GOLD-TITAN,IMAGE_1,https://cdn.shopify.com/s/files/1/0592/0676/2540/files/ENVY-DID-GOLD_TITAN-PAIR-1.jpg?v=1742809140,ENVY-DID-GOLD_TITAN-PAIR-1.jpg,assets\images\envy-did\ENVY-DID-GOLD_TITAN-PAIR-1.jpg,Silver,Titan,Gold,10.5
ENVY-DID GOLD-TITAN,ENVY-DID GOLD-TITAN,IMAGE_2,https://cdn.shopify.com/s/files/1/0592/0676/2540/files/ENVY-DID-GOLD_TITAN-PAIR-1.jpg?v=1742809140,ENVY-DID-GOLD_TITAN-PAIR-1.jpg,assets\images\envy-did\ENVY-DID-GOLD_TITAN-PAIR-1.jpg,Silver,Titan,Gold,10.5
ENVY-DID SILVER-BLUE,ENVY-DID SILVER-BLUE,IMAGE_1,https://cdn.shopify.com/s/files/1/0592/0676/2540/files/ENVY-DID-SILVER_BLUE-PAIR-1.jpg?v=1742809042,ENVY-DID-SILVER_BLUE-PAIR-1.jpg,assets\images\envy-did\ENVY-DID-SILVER_BLUE-PAIR-1.jpg,Silver,Blue,Silver,10.5
ENVY-DID SILVER-BLUE,ENVY-DID SILVER-BLUE,IMAGE_2,https://cdn.shopify.com/s/files/1/0592/0676/2540/files/ENVY-DID-SILVER_BLUE-PAIR-1.jpg?v=1742809042,ENVY-DID-SILVER_BLUE-PAIR-1.jpg,assets\images\envy-did\ENVY-DID-SILVER_BLUE-PAIR-1.jpg,Silver,Blue,Silver,10.5
ENVY-DID SILVER-GREEN,ENVY-DID SILVER-GREEN,IMAGE_1,https://cdn.shopify.com/s/files/1/0592/0676/2540/files/ENVY-DID-SILVER_GREEN-PAIR-1.jpg?v=1742808929,ENVY-DID-SILVER_GREEN-PAIR-1.jpg,assets\images\envy-did\ENVY-DID-SILVER_GREEN-PAIR-1.jpg,Silver,Green,Silver,10.5
ENVY-DID SILVER-GREEN,ENVY-DID SILVER-GREEN,IMAGE_2,https://cdn.shopify.com/s/files/1/0592/0676/2540/files/ENVY-DID-SILVER_GREEN-PAIR-1.jpg?v=1742808929,ENVY-DID-SILVER_GREEN-PAIR-1.jpg,assets\images\envy-did\ENVY-DID-SILVER_GREEN-PAIR-1.jpg,Silver,Green,Silver,10.5
ENVY-DID SILVER-GOLD,ENVY-DID SILVER-GOLD,IMAGE_1,https://cdn.shopify.com/s/files/1/0592/0676/2540/files/ENVY-DID-SILVER_GOLD-PAIR-1.jpg?v=1742605207,ENVY-DID-SILVER_GOLD-PAIR-1.jpg,assets\images\envy-did\ENVY-DID-SILVER_GOLD-PAIR-1.jpg,Silver,Gold,Silver,10.5
ENVY-DID SILVER-GOLD,ENVY-DID SILVER-GOLD,IMAGE_2,https://cdn.shopify.com/s/files/1/0592/0676/2540/files/ENVY-DID-SILVER_GOLD-PAIR-1.jpg?v=1742605207,ENVY-DID-SILVER_GOLD-PAIR-1.jpg,assets\images\envy-did\ENVY-DID-SILVER_GOLD-PAIR-1.jpg,Silver,Gold,Silver,10.5
ENVY-DID SILVER-SILVER,ENVY-DID SILVER-SILVER,IMAGE_1,https://cdn.shopify.com/s/files/1/0592/0676/2540/files/ENVY-DID-SILVER_SILVER-PAIR-1.jpg?v=1742605066,ENVY-DID-SILVER_SILVER-PAIR-1.jpg,assets\images\envy-did\ENVY-DID-SILVER_SILVER-PAIR-1.jpg,Silver,Silver,Silver,10.5
ENVY-DID SILVER-SILVER,ENVY-DID SILVER-SILVER,IMAGE_2,https://cdn.shopify.com/s/files/1/0592/0676/2540/files/ENVY-DID-SILVER_SILVER-PAIR-1.jpg?v=1742605066,ENVY-DID-SILVER_SILVER-PAIR-1.jpg,assets\images\envy-did\ENVY-DID-SILVER_SILVER-PAIR-1.jpg,Silver,Silver,Silver,10.5
ENVY-DID SILVER-TITAN,ENVY-DID SILVER-TITAN,IMAGE_1,https://cdn.shopify.com/s/files/1/0592/0676/2540/files/ENVY-DID-SILVER_TITAN-PAIR-1.jpg?v=1742604960,ENVY-DID-SILVER_TITAN-PAIR-1.jpg,assets\images\envy-did\ENVY-DID-SILVER_TITAN-PAIR-1.jpg,Silver,Titan,Silver,10.5
ENVY-DID SILVER-TITAN,ENVY-DID SILVER-TITAN,IMAGE_2,https://cdn.shopify.com/s/files/1/0592/0676/2540/files/ENVY-DID-SILVER_TITAN-PAIR-1.jpg?v=1742604960,ENVY-DID-SILVER_TITAN-PAIR-1.jpg,assets\images\envy-did\ENVY-DID-SILVER_TITAN-PAIR-1.jpg,Silver,Titan,Silver,10.5
ENVY-DID SILVER-FACTORY,ENVY-DID SILVER-FACTORY,IMAGE_1,https://cdn.shopify.com/s/files/1/0592/0676/2540/files/ENVY-DID-SILVER_FACTORY-PAIR-1.jpg?v=1742604669,ENVY-DID-SILVER_FACTORY-PAIR-1.jpg,assets\images\envy-did\ENVY-DID-SILVER_FACTORY-PAIR-1.jpg,Silver,Factory,Silver,10.5
ENVY-DID SILVER-FACTORY,ENVY-DID SILVER-FACTORY,IMAGE_2,https://cdn.shopify.com/s/files/1/0592/0676/2540/files/ENVY-DID-SILVER_FACTORY-PAIR-1.jpg?v=1742604669,ENVY-DID-SILVER_FACTORY-PAIR-1.jpg,assets\images\envy-did\ENVY-DID-SILVER_FACTORY-PAIR-1.jpg,Silver,Factory,Silver,10.5
ENVY-DID SILVER-MAG,ENVY-DID SILVER-MAG,IMAGE_1,https://cdn.shopify.com/s/files/1/0592/0676/2540/files/ENVY-DID-SILVER_MAG-PAIR-1.jpg?v=1742604337,ENVY-DID-SILVER_MAG-PAIR-1.jpg,assets\images\envy-did\ENVY-DID-SILVER_MAG-PAIR-1.jpg,Silver,Mag,Silver,10.5
ENVY-DID SILVER-MAG,ENVY-DID SILVER-MAG,IMAGE_2,https://cdn.shopify.com/s/files/1/0592/0676/2540/files/ENVY-DID-SILVER_MAG-PAIR-1.jpg?v=1742604337,ENVY-DID-SILVER_MAG-PAIR-1.jpg,assets\images\envy-did\ENVY-DID-SILVER_MAG-PAIR-1.jpg,Silver,Mag,Silver,10.5
ENVY-DID SILVER-BLACK,ENVY-DID SILVER-BLACK,IMAGE_1,https://cdn.shopify.com/s/files/1/0592/0676/2540/files/ENVY-DID-SILVER_BLACK-PAIR-1.jpg?v=1742604242,ENVY-DID-SILVER_BLACK-PAIR-1.jpg,assets\images\envy-did\ENVY-DID-SILVER_BLACK-PAIR-1.jpg,Silver,Black,Silver,10.5
ENVY-DID SILVER-BLACK,ENVY-DID SILVER-BLACK,IMAGE_2,https://cdn.shopify.com/s/files/1/0592/0676/2540/files/ENVY-DID-SILVER_BLACK-PAIR-1.jpg?v=1742604242,ENVY-DID-SILVER_BLACK-PAIR-1.jpg,assets\images\envy-did\ENVY-DID-SILVER_BLACK-PAIR-1.jpg,Silver,Black,Silver,10.5
ENVY-DID Silver-Red,ENVY-DID Silver-Red,IMAGE_1,https://cdn.shopify.com/s/files/1/0592/0676/2540/files/ENVY-DID-SILVER_RED-PAIR-1.jpg?v=1742604145,ENVY-DID-SILVER_RED-PAIR-1.jpg,assets\images\envy-did\ENVY-DID-SILVER_RED-PAIR-1.jpg,Silver,Red,Silver,10.5
ENVY-DID Silver-Red,ENVY-DID Silver-Red,IMAGE_2,https://cdn.shopify.com/s/files/1/0592/0676/2540/files/ENVY-DID-SILVER_RED-PAIR-1.jpg?v=1742604145,ENVY-DID-SILVER_RED-PAIR-1.jpg,assets\images\envy-did\ENVY-DID-SILVER_RED-PAIR-1.jpg,Silver,Red,Silver,10.5
ENVY-DID SILVER-COPPER,ENVY-DID SILVER-COPPER,IMAGE_1,https://cdn.shopify.com/s/files/1/0592/0676/2540/files/ENVY_DID-SILVER-COPPER-PAIR-1.jpg?v=1742604046,ENVY_DID-SILVER-COPPER-PAIR-1.jpg,assets\images\envy-did\ENVY_DID-SILVER-COPPER-PAIR-1.jpg,Silver,Copper,Silver,10.5
ENVY-DID SILVER-COPPER,ENVY-DID SILVER-COPPER,IMAGE_2,https://cdn.shopify.com/s/files/1/0592/0676/2540/files/ENVY_DID-SILVER-COPPER-PAIR-1.jpg?v=1742604046,ENVY_DID-SILVER-COPPER-PAIR-1.jpg,assets\images\envy-did\ENVY_DID-SILVER-COPPER-PAIR-1.jpg,Silver,Copper,Silver,10.5
ENVY-DID SILVER-PURPLE,ENVY-DID SILVER-PURPLE,IMAGE_1,https://cdn.shopify.com/s/files/1/0592/0676/2540/files/ENVY_DID-SILVER_PURPLE-PAIR-1.jpg?v=1742603892,ENVY_DID-SILVER_PURPLE-PAIR-1.jpg,assets\images\envy-did\ENVY_DID-SILVER_PURPLE-PAIR-1.jpg,Silver,Purple,Silver,10.5
ENVY-DID SILVER-PURPLE,ENVY-DID SILVER-PURPLE,IMAGE_2,https://cdn.shopify.com/s/files/1/0592/0676/2540/files/ENVY_DID-SILVER_PURPLE-PAIR-1.jpg?v=1742603892,ENVY_DID-SILVER_PURPLE-PAIR-1.jpg,assets\images\envy-did\ENVY_DID-SILVER_PURPLE-PAIR-1.jpg,Silver,Purple,Silver,10.5
ENVY-DID GOLD-FACTORY,ENVY-DID GOLD-FACTORY,IMAGE_1,https://cdn.shopify.com/s/files/1/0592/0676/2540/files/ENVY-DID-GOLD_FACTORY-PAIR-1.jpg?v=1742602976,ENVY-DID-GOLD_FACTORY-PAIR-1.jpg,assets\images\envy-did\ENVY-DID-GOLD_FACTORY-PAIR-1.jpg,Silver,Factory,Gold,10.5
ENVY-DID GOLD-FACTORY,ENVY-DID GOLD-FACTORY,IMAGE_2,https://cdn.shopify.com/s/files/1/0592/0676/2540/files/ENVY-DID-GOLD_FACTORY-PAIR-1.jpg?v=1742602976,ENVY-DID-GOLD_FACTORY-PAIR-1.jpg,assets\images\envy-did\ENVY-DID-GOLD_FACTORY-PAIR-1.jpg,Silver,Factory,Gold,10.5
ENVY-DID GOLD-COPPER,ENVY-DID GOLD-COPPER,IMAGE_1,https://cdn.shopify.com/s/files/1/0592/0676/2540/files/ENVY-DID_GOLD_COPPER-PAIR-1.jpg?v=1742602834,ENVY-DID_GOLD_COPPER-PAIR-1.jpg,assets\images\envy-did\ENVY-DID_GOLD_COPPER-PAIR-1.jpg,Silver,Copper,Gold,10.5
ENVY-DID GOLD-COPPER,ENVY-DID GOLD-COPPER,IMAGE_2,https://cdn.shopify.com/s/files/1/0592/0676/2540/files/ENVY-DID_GOLD_COPPER-PAIR-1.jpg?v=1742602834,ENVY-DID_GOLD_COPPER-PAIR-1.jpg,assets\images\envy-did\ENVY-DID_GOLD_COPPER-PAIR-1.jpg,Silver,Copper,Gold,10.5
ENVY-DID GOLD-MAG,ENVY-DID GOLD-MAG,IMAGE_1,https://cdn.shopify.com/s/files/1/0592/0676/2540/files/ENVY-DID_GOLD_MAG-PAIR-1.jpg?v=1742602657,ENVY-DID_GOLD_MAG-PAIR-1.jpg,assets\images\envy-did\ENVY-DID_GOLD_MAG-PAIR-1.jpg,Silver,Mag,Gold,10.5
ENVY-DID GOLD-MAG,ENVY-DID GOLD-MAG,IMAGE_2,https://cdn.shopify.com/s/files/1/0592/0676/2540/files/ENVY-DID_GOLD_MAG-PAIR-1.jpg?v=1742602657,ENVY-DID_GOLD_MAG-PAIR-1.jpg,assets\images\envy-did\ENVY-DID_GOLD_MAG-PAIR-1.jpg,Silver,Mag,Gold,10.5
ENVY-DID GOLD-PURPLE,ENVY-DID GOLD-PURPLE,IMAGE_1,https://cdn.shopify.com/s/files/1/0592/0676/2540/files/ENVY-DID_GOLD_PURPLE-PAIR-1.jpg?v=1742602535,ENVY-DID_GOLD_PURPLE-PAIR-1.jpg,assets\images\envy-did\ENVY-DID_GOLD_PURPLE-PAIR-1.jpg,Silver,Purple,Gold,10.5
ENVY-DID GOLD-PURPLE,ENVY-DID GOLD-PURPLE,IMAGE_2,https://cdn.shopify.com/s/files/1/0592/0676/2540/files/ENVY-DID_GOLD_PURPLE-PAIR-1.jpg?v=1742602535,ENVY-DID_GOLD_PURPLE-PAIR-1.jpg,assets\images\envy-did\ENVY-DID_GOLD_PURPLE-PAIR-1.jpg,Silver,Purple,Gold,10.5
ENVY-DID GOLD-RED,ENVY-DID GOLD-RED,IMAGE_1,https://cdn.shopify.com/s/files/1/0592/0676/2540/files/ENVY-DID_GOLD_RED-PAIR-1.jpg?v=1742602430,ENVY-DID_GOLD_RED-PAIR-1.jpg,assets\images\envy-did\ENVY-DID_GOLD_RED-PAIR-1.jpg,Silver,Red,Gold,10.5
ENVY-DID GOLD-RED,ENVY-DID GOLD-RED,IMAGE_2,https://cdn.shopify.com/s/files/1/0592/0676/2540/files/ENVY-DID_GOLD_RED-PAIR-1.jpg?v=1742602430,ENVY-DID_GOLD_RED-PAIR-1.jpg,assets\images\envy-did\ENVY-DID_GOLD_RED-PAIR-1.jpg,Silver,Red,Gold,10.5
ENVY-DID GOLD-BLACK,ENVY-DID GOLD-BLACK,IMAGE_1,https://cdn.shopify.com/s/files/1/0592/0676/2540/files/ENVY-DID-GOLD_BLACK-PAIR-1.jpg?v=1742602134,ENVY-DID-GOLD_BLACK-PAIR-1.jpg,assets\images\envy-did\ENVY-DID-GOLD_BLACK-PAIR-1.jpg,Silver,Black,Gold,10.5
ENVY-DID GOLD-BLACK,ENVY-DID GOLD-BLACK,IMAGE_2,https://cdn.shopify.com/s/files/1/0592/0676/2540/files/ENVY-DID-GOLD_BLACK-PAIR-1.jpg?v=1742602134,ENVY-DID-GOLD_BLACK-PAIR-1.jpg,assets\images\envy-did\ENVY-DID-GOLD_BLACK-PAIR-1.jpg,Silver,Black,Gold,10.5
ENVY-DID BLUE-COPPER,ENVY-DID BLUE-COPPER,IMAGE_1,https://cdn.shopify.com/s/files/1/0592/0676/2540/files/ENVY-DID-BLUE_COPPER-PAIR-1.jpg?v=1742600216,ENVY-DID-BLUE_COPPER-PAIR-1.jpg,assets\images\envy-did\ENVY-DID-BLUE_COPPER-PAIR-1.jpg,Silver,Copper,Blue,10.5
ENVY-DID BLUE-COPPER,ENVY-DID BLUE-COPPER,IMAGE_2,https://cdn.shopify.com/s/files/1/0592/0676/2540/files/ENVY-DID-BLUE_COPPER-PAIR-1.jpg?v=1742600216,ENVY-DID-BLUE_COPPER-PAIR-1.jpg,assets\images\envy-did\ENVY-DID-BLUE_COPPER-PAIR-1.jpg,Silver,Copper,Blue,10.5
ENVY-DID BLUE-FACTORY,ENVY-DID BLUE-FACTORY,IMAGE_1,https://cdn.shopify.com/s/files/1/0592/0676/2540/files/ENVY-DID-BLUE_FACTORY-PAIR-1.jpg?v=1742598364,ENVY-DID-BLUE_FACTORY-PAIR-1.jpg,assets\images\envy-did\ENVY-DID-BLUE_FACTORY-PAIR-1.jpg,Silver,Factory,Blue,10.5
ENVY-DID BLUE-FACTORY,ENVY-DID BLUE-FACTORY,IMAGE_2,https://cdn.shopify.com/s/files/1/0592/0676/2540/files/ENVY-DID-BLUE_FACTORY-PAIR-1.jpg?v=1742598364,ENVY-DID-BLUE_FACTORY-PAIR-1.jpg,assets\images\envy-did\ENVY-DID-BLUE_FACTORY-PAIR-1.jpg,Silver,Factory,Blue,10.5
ENVY-DID BLUE-MAG,ENVY-DID BLUE-MAG,IMAGE_1,https://cdn.shopify.com/s/files/1/0592/0676/2540/files/ENVY-DID-BLUE_MAG-PAIR-1.jpg?v=1742598287,ENVY-DID-BLUE_MAG-PAIR-1.jpg,assets\images\envy-did\ENVY-DID-BLUE_MAG-PAIR-1.jpg,Silver,Mag,Blue,10.5
ENVY-DID BLUE-MAG,ENVY-DID BLUE-MAG,IMAGE_2,https://cdn.shopify.com/s/files/1/0592/0676/2540/files/ENVY-DID-BLUE_MAG-PAIR-1.jpg?v=1742598287,ENVY-DID-BLUE_MAG-PAIR-1.jpg,assets\images\envy-did\ENVY-DID-BLUE_MAG-PAIR-1.jpg,Silver,Mag,Blue,10.5
ENVY-DID BLUE-PURPLE,ENVY-DID BLUE-PURPLE,IMAGE_1,https://cdn.shopify.com/s/files/1/0592/0676/2540/files/ENVY-DID-BLUE_PURPLE-PAIR-1.jpg?v=1742598050,ENVY-DID-BLUE_PURPLE-PAIR-1.jpg,assets\images\envy-did\ENVY-DID-BLUE_PURPLE-PAIR-1.jpg,Silver,Purple,Blue,10.5
ENVY-DID BLUE-PURPLE,ENVY-DID BLUE-PURPLE,IMAGE_2,https://cdn.shopify.com/s/files/1/0592/0676/2540/files/ENVY-DID-BLUE_PURPLE-PAIR-1.jpg?v=1742598050,ENVY-DID-BLUE_PURPLE-PAIR-1.jpg,assets\images\envy-did\ENVY-DID-BLUE_PURPLE-PAIR-1.jpg,Silver,Purple,Blue,10.5
ENVY-DID BLUE-RED,ENVY-DID BLUE-RED,IMAGE_1,https://cdn.shopify.com/s/files/1/0592/0676/2540/files/ENVY-DID_BLUE_RED-PAIR-1.jpg?v=1742597909,ENVY-DID_BLUE_RED-PAIR-1.jpg,assets\images\envy-did\ENVY-DID_BLUE_RED-PAIR-1.jpg,Silver,Red,Blue,10.5
ENVY-DID BLUE-RED,ENVY-DID BLUE-RED,IMAGE_2,https://cdn.shopify.com/s/files/1/0592/0676/2540/files/ENVY-DID_BLUE_RED-PAIR-1.jpg?v=1742597909,ENVY-DID_BLUE_RED-PAIR-1.jpg,assets\images\envy-did\ENVY-DID_BLUE_RED-PAIR-1.jpg,Silver,Red,Blue,10.5
ENVY-DID BLUE-BLACK,ENVY-DID BLUE-BLACK,IMAGE_1,https://cdn.shopify.com/s/files/1/0592/0676/2540/files/ENVY_DID-BLUE_BLACK-PAIR-1.jpg?v=1742597277,ENVY_DID-BLUE_BLACK-PAIR-1.jpg,assets\images\envy-did\ENVY_DID-BLUE_BLACK-PAIR-1.jpg,Silver,Black,Blue,10.5
ENVY-DID BLUE-BLACK,ENVY-DID BLUE-BLACK,IMAGE_2,https://cdn.shopify.com/s/files/1/0592/0676/2540/files/ENVY_DID-BLUE_BLACK-PAIR-1.jpg?v=1742597277,ENVY_DID-BLUE_BLACK-PAIR-1.jpg,assets\images\envy-did\ENVY_DID-BLUE_BLACK-PAIR-1.jpg,Silver,Black,Blue,10.5
